Auf Wiedersehen!|<img src='d5380736f11844808580a3b6217ac502.png'/>|Goodbye (lit. To see again)!|[sound:f1d5ca026945d1ffc8bc06ce8c7b25e9.mp3]
Tschüss!|<img src='920f838608f99de184bc53c72b32e10a.png'/>|Bye!|[sound:9d15c439d5f3783df3e4a9460f98438b.mp3]
Mein Name ist Robinson.|<img src='f96abda2d0e844d3bb6cb982e64b5bca.png'/>|My name is (Mr.) Robinson.|[sound:a6c0ba541c954121a26410493f55a4cd.mp3]
Guten Tag!|<img src='c018a2e2f988c96cdadad523a5af9ce1.png'/>|Hello (lit. Good day)!|[sound:5d518e4881db46e8938606a4db971107.mp3]
Hallo!|<img src='754b929ae3094b5798f478ce5d0b45cf.png'/>|Hello!|[sound:ac771d8a47874c2ba77693105c902b37.mp3]
Mir geht's gut, danke.|<img src='03874f8033de48a086f8c35bae97e2a1.png'/>|I'm good, thanks.|[sound:c44c7ab2fc0a4492aecd1cd078ecef3f.mp3]
Hallo, ich bin Freddy.|<img src='f8c9177cd1f8465d84b8f5b7528be943.png'/>|Hello, I'm Freddy.|[sound:2d1a83a4cc5c4e6e90335774eead7aa1.mp3]
Wie geht's dir?|<img src='3693bd68487e457db2cf9f6b93809f4d.png'/>|How are you?|[sound:1a448d59a6a647498704b5d71f548222.mp3]
elf|<img src='0897be5942c074b42699a9cb4beab678.png'/>|eleven|[sound:7f98e508fe56b5de82278537c9b50d17.mp3]
zwölf|<img src='0d5da745b40ed27b461386b442d38248.png'/>|twelve|[sound:55b058ed1cf73147a97f5fc584839985.mp3]
Auf Wiedersehen!|<img src='d5380736f11844808580a3b6217ac502.png'/>|Goodbye (lit. To see again)!|[sound:f1d5ca026945d1ffc8bc06ce8c7b25e9.mp3]
Tschüss!|<img src='920f838608f99de184bc53c72b32e10a.png'/>|Bye!|[sound:9d15c439d5f3783df3e4a9460f98438b.mp3]
Mein Name ist Robinson.|<img src='f96abda2d0e844d3bb6cb982e64b5bca.png'/>|My name is (Mr.) Robinson.|[sound:a6c0ba541c954121a26410493f55a4cd.mp3]
Guten Tag!|<img src='c018a2e2f988c96cdadad523a5af9ce1.png'/>|Hello (lit. Good day)!|[sound:5d518e4881db46e8938606a4db971107.mp3]
Hallo!|<img src='754b929ae3094b5798f478ce5d0b45cf.png'/>|Hello!|[sound:ac771d8a47874c2ba77693105c902b37.mp3]
Mir geht's gut, danke.|<img src='03874f8033de48a086f8c35bae97e2a1.png'/>|I'm good, thanks.|[sound:c44c7ab2fc0a4492aecd1cd078ecef3f.mp3]
Hallo, ich bin Freddy.|<img src='f8c9177cd1f8465d84b8f5b7528be943.png'/>|Hello, I'm Freddy.|[sound:2d1a83a4cc5c4e6e90335774eead7aa1.mp3]
Wie geht's dir?|<img src='3693bd68487e457db2cf9f6b93809f4d.png'/>|How are you?|[sound:1a448d59a6a647498704b5d71f548222.mp3]
elf|<img src='0897be5942c074b42699a9cb4beab678.png'/>|eleven|[sound:7f98e508fe56b5de82278537c9b50d17.mp3]
zwölf|<img src='0d5da745b40ed27b461386b442d38248.png'/>|twelve|[sound:55b058ed1cf73147a97f5fc584839985.mp3]
der Tee|<img src='85cfb771e9b1bf904c2300782587f67f.png'/>|the tea|[sound:0b134c9e47ffc130eea6606fffb18a45.mp3]
vierzehn|<img src='9b129ea59541a6ce4372518d3d76a801.png'/>|fourteen|[sound:012f162ce782d8486861b8ea676b0c39.mp3]
siebzehn|<img src='9218c720760563d0f49caaba452af9d0.png'/>|seventeen|[sound:c6d85168a568d8aad568191cd4f7a5ce.mp3]
Vielen Dank.|<img src='8ca2ba9cdd94adeb13fb790aeb2c3d32.png'/>|Thank you very much.|[sound:1e9c5432fee5ca532ad1bee637eb401c.mp3]
Zusammen oder getrennt?|<img src='2c1f88adfafd9f4dff0fd1c89cb920f1.png'/>|Together or separately?|[sound:8a297d771a30382df85a29ca012db2ab.mp3]
Hast du die Fahrkarten?|<img src='7f456e9727f8a792b4a98b3d900d2c1c.png'/>|Do you (sg., informal) have the tickets?|[sound:ffee709997c2f74c777bac0e3e500b8b.mp3]
Ich fahre immer Fahrrad.|<img src='d8e139b2a633c387560d1d9bba3666ca.png'/>|I always go by bike.|[sound:4dc020ca88c09700adc5592bd9d92d7d.mp3]
Wie fahren wir nach Berlin?|<img src='60a532814383677a3eaec46170a323fa.png'/>|How do we get (lit. drive) to Berlin?|[sound:c6874f0133c32a22086dc04aa7238ed4.mp3]
Danke.|<img src='a3c4fcfc078568c8942b436d71069906.png'/>|Thank you.|[sound:0fbfc62fc5a757544b72153242aa5a5e.mp3]
neun|<img src='b3dd18ae8ac81b90674b864c419dd068.png'/>|nine|[sound:64ab8920c41254c0b49495fde3849f74.mp3]
fünf|<img src='ead218597baa8f221da1c8a4347e1a81.png'/>|five|[sound:f2e6ffe1e51d12b15130c99297b63e40.mp3]
vier|<img src='5ca526a012817712754e9cd689a4897f.png'/>|four|[sound:81dfa5a533b204d3521582dca26b3034.mp3]
sieben|<img src='deb21d0a385e61b7ead9648662f7afce.png'/>|seven|[sound:41dee8470cbc5586e22da697691d6f72.mp3]
zwanzig|<img src='bb5b7ba14419ddf33149acd986d608bf.png'/>|twenty|[sound:12daba65771fe6e5aa269e5e2ce51b35.mp3]
das Bett|<img src='6bbb674f65852218c994027af2783af5.png'/>|the bed|[sound:9400c03c17e4353d882a042e74056201.mp3]
die Milch|<img src='e74f5a11b94d364d535da182e994f1db.png'/>|the milk|[sound:0d98513395a8186ebabcbf86be06debf.mp3]
der Zucker|<img src='7518f11ec5d1033b00fc7648177e1703.png'/>|the sugar|[sound:cf8521f9701a5114e22dda1d4e5be6a9.mp3]
die Nationalität|<img src='d07668d831d6e1d035d09297a325156e.png'/>|the nationality|[sound:5ff2284a429a329692e18d160f0b991b.mp3]
Das macht fünf Euro.|<img src='60e2c11064d5adde0a313f66c321bc25.png'/>|That'll be (lit. That makes) five euros.|[sound:f23c8cbc49711a8fad126ac9c77821a8.mp3]
zehn|<img src='8ef130db881fddd8964a9895ae2018c2.png'/>|ten|[sound:fae4be5bacb86fb4b4b513cda2538790.mp3]
acht|<img src='e6662bd5d70f1e53d96593777ae007f1.png'/>|eight|[sound:6f8389483a6ce1cd836ba6cc75e27adc.mp3]
null|<img src='72771144487feeae469ed21b7b5fba8c.png'/>|zero|[sound:5f7ad6d18627256948587dce5a3fdc37.mp3]
sehr gut|<img src='4d12b21cab8aa5e8654e4b0ad73ef88d.png'/>|very good|[sound:01810e3c37722aa15d9869f70e43de6a.mp3]
nicht gut|<img src='4771092590fc5f0e90b636c22537724d.png'/>|not good|[sound:bb3cb22403344a62c5ed15247a845ce6.mp3]
die Stadt|<img src='88bccb34936fa3fee09751d122611ff8.png'/>|the town|[sound:8ba738d021526cb2c5f5116a9d780611.mp3]
nicht weit|<img src='385d63c777046445c800eee684ff3507.png'/>|not far|[sound:9ad27efecdccd30570025e604c61904d.mp3]
Und für Sie?|<img src='eeb5be9008840b3c73e6d1417b3d5ef9.png'/>|And for you (formal)?|[sound:e589ff9e801246b8de92f53fcb0a11f5.mp3]
Einen Kaffee, bitte.|<img src='9e8b8cc108421d6f83485781941fbfc3.png'/>|A coffee please.|[sound:f12bc6ab8ddebf41974c3f8275f1235e.mp3]
Einen schönen Tag noch!|<img src='98fd8f9e132eabe2fb1463d6dca1465a.png'/>|Have a nice day!|[sound:071722d175ccd65f7a521cb2bd3c8bd7.mp3]
Montag|<img src='d018d33843e6f03dab9900daa2477afa.png'/>|Monday|[sound:8f760a9bc77129b0bc886ea930b7f4de.mp3]
Samstag|<img src='ae684763f9459edc5cca20a08daa3924.png'/>|Saturday|[sound:fbeff0c2322db321740c66740a5dd6fe.mp3]
das Hotel|<img src='3431a9de430889d6e3414ba33b85a658.png'/>|the hotel|[sound:230668a5829749b56ee8611afe2888e9.mp3]
das Wasser|<img src='cd11c8994bf203cf3da121fe1ba80fe4.png'/>|the water|[sound:13c9cf8db0e4dbf932ae7da334071416.mp3]
Donnerstag|<img src='b1ec89ffbe12f17648b70f0365b5ec04.png'/>|Thursday|[sound:307d61585c2d0f6d677c360f5e4bacef.mp3]
die Toilette|<img src='57345174f5a0b9de659e44e6ff11862d.png'/>|the toilet|[sound:9c6d3e857624b320c444738a3c7b8e80.mp3]
die Telefonnummer|<img src='63270ee9ac6dc50265e02f2b66f79141.png'/>|the telephone number|[sound:35cdaef73f71ed1aba8b42ceacbc50f8.mp3]
Wann hast du Zeit?|<img src='771519e4ff4062f66f8e0d4c611b5f0a.png'/>|When do you have time?|[sound:343d2a1317162d62f393632925981bbb.mp3]
Kannst du am Montag?|<img src='a7e6281f6446af335b0239da443c575a.png'/>|Are you free (lit. Can you) on Monday?|[sound:249d22c4bd77315f47f95be4560e97e3.mp3]
ihr|<img src='877a1a3fed8bb8ce6c61fdbcacb44e5f.png'/>|her|[sound:d5ffa37606874fc2eddadb18b8787f02.mp3]
dein|<img src='d33a079b57dff9145240d64928436194.png'/>|your (sg., informal)|[sound:f270f3fc768b1837e7bd587e597bff8e.mp3]
Hallo, hier ist Lisa.|<img src='95290a06880880005cc36846fb49b11b.png'/>|Hello, this (lit. here) is Lisa.|[sound:c40e2e920c02d559a73003c464a525e7.mp3]
vierzig|<img src='3a9ef234e288da357a4f6a081e361e5d.png'/>|forty|[sound:5a6f1a6480a1bb1d4ca51104d53293fe.mp3]
sechzig|<img src='f1670a4bde463322f1c5672d34897400.png'/>|sixty|[sound:4e710915d49cd85c10fb5e14cb75a6c2.mp3]
neunzig|<img src='f5ccfbc862af6d6958955b5db6c499ba.png'/>|ninety|[sound:858521da38cc3994eea1642535e8b991.mp3]
hundert|<img src='f8a2c9e36eebabcdc0696c1c8980af1a.png'/>|a hundred|[sound:e25a38c6f5efb0645f2d5cb6f581f869.mp3]
fünfzig|<img src='41d0b38c28fc9ed989dc94872549acaf.png'/>|fifty|[sound:95697f1aed0931544ef3c0712c329de6.mp3]
überqueren|<img src='520143140f51f9451ce5046073280b77.png'/>|to cross|[sound:828c526e286854ecd31d7a73b7a24b0f.mp3]
links und rechts|<img src='a37cf7892977a7baf73aa3286fccf1e6.png'/>|left and right|[sound:a66b4d2c4f972413f01e54b89c4963e2.mp3]
Wie alt bist du?|<img src='e313d1cefb73e414ba123dcd3acf0a7b.png'/>|How old are you (sg., informal)?|[sound:b6f6c83e1a41211112f3dba7514dc078.mp3]
Kneipen und Clubs|<img src='701520fb1cecb604550e2c5552776ca0.png'/>|bars and clubs|[sound:ade189b49e0739fd8db866e7a13513ac.mp3]
Es gibt viele Parks.|<img src='df4273433500b6801c17c1649cbf05f2.png'/>|There are lots of parks.|[sound:7c3ac9e47d5e660636e78659dad415cf.mp3]
Kinder|<img src='6f9c50f12bfa5ea063066906ba0f507a.png'/>|children|[sound:e0ab97a013f311f259fc159b88eac83a.mp3]
Stimmt.|<img src='01332c2affafbb660307c5c60d0ae2a5.png'/>|True.|[sound:7fbafc01d199e69a35cdcc3d9868fe44.mp3]
geradeaus|<img src='ed3a57cf3d9dd14da6d21f52eb8685bd.png'/>|straight ahead|[sound:d871774adb072fff40fd807fd964096d.mp3]
gegenüber|<img src='ab8c7f5df4a7601eed3f3491b220c9c5.png'/>|opposite|[sound:fedaa754935a4221d523b3b849ed7a87.mp3]
Enkel und Enkelin|<img src='c640b14a67831aa6e1d1a6ae28ee1847.png'/>|grandson and granddaughter|[sound:900d08ea5ff156c462b2108e52389ad6.mp3]
die E-Mail-Adresse|<img src='83622bbb724a04a790236fb4c29f24f1.png'/>|the email address|[sound:cb8e8f3dc5fc090fadd4a68027247551.mp3]
Was kostet die Fahrkarte?|<img src='b3545ea71099e48b30b5fec59b7d68e7.png'/>|How much is the ticket?|[sound:a4c2c69ca3855a9207bb17d3b4fa7902.mp3]
Es gibt ein altes Theater.|<img src='c8bc8cc490bf2d19b532b0eb01fecd2f.png'/>|There is an old theater.|[sound:a012e8e28b9c068a2be18306b3f83d2e.mp3]
Ich bin dreißig Jahre alt.|<img src='a32e5197251ff08623bffb2842e944a4.png'/>|I am thirty years old.|[sound:bbf6f5840c69e729b89cf69de6cda47a.mp3]
Ich will dich sehen.|<img src='1bffb2def0c5cfd851919a56155d433e.png'/>|I want to see you.|[sound:0133ec7176a8940d382116b3b05eb763.mp3]
Der Mann sieht uns an.|<img src='7917e0a252f849b4fec010025c1bb326.png'/>|The man is looking at us.|[sound:16deef8355b913f500d91ffc31f8a410.mp3]
Fritz ist sehr nett, ich mag ihn.|<img src='435a6584c1fff87d2d808891ad764991.png'/>|Fritz is very nice, I like him.|[sound:d0386a283c931ac3cd2c117aebfb1bb9.mp3]
Ich sehe euch heute Abend im Kino.|<img src='d517a28740d5f914a6afe10b661fb6d3.png'/>|I'll see you (pl., informal) at the cinema tonight.|[sound:b35624be8f3618b5a4be2e4ece62e0bb.mp3]
Kann ich Sie morgen anrufen, Herr Hoffmann?|<img src='db27d2bbb1f0795f7eb7e1841afa339a.png'/>|Can I call you tomorrow, Mr. Hoffmann?|[sound:9983d3983006ee05de12a43738e7c4c5.mp3]
Sie ruft mich jeden Tag an.|<img src='50ff9e0b90ae517d26daf9ecd2a6039b.png'/>|She calls me every day.|[sound:a6d8e1a912da684bc649765443b7f31f.mp3]
euer|<img src='0db60313988d5c5c91ef77887d29d653.png'/>|your (pl., informal)|[sound:6862f5678b0928ce878e949821d3a312.mp3]
Mittwoch|<img src='37da2af1f6ea483833a0ce3ecdfb6dcc.png'/>|Wednesday|[sound:58173c66a28d7d77cb6e3576689b7c8f.mp3]
Es ist kalt.|<img src='08592010c20c20f30364a60225f1e49d.png'/>|It is cold.|[sound:1dc690ca586a41ad7be2c4c226a9ef71.mp3]
Es ist warm.|<img src='ffd243b998e8a4e15647b837172ce275.png'/>|It is warm.|[sound:062e36d37fb7b3c535be22abd1869551.mp3]
Es regnet den ganzen Tag.|<img src='4b307f7d3f3784233894877d99a033cf.png'/>|It's (been) raining all day.|[sound:51f64c20786585c58a27a2d09802b5ac.mp3]
Es ist sonnig.|<img src='00be44015ebf2cb56dceb2139402fef6.png'/>|It is sunny.|[sound:6d66f1e9abd87e27c760b96ea1ad2a04.mp3]
Es ist windig.|<img src='0438ec0367a6f1510851447ba841f933.png'/>|It is windy.|[sound:1a0de1a16a3cd45df76229a12e7ae75b.mp3]
Herzlichen Glückwunsch!|<img src='395cb95c96a23890467d21f0db64a39b.png'/>|Congratulations!|[sound:30293c39810c4f4fd70257c0cf199668.mp3]
Es schneit.|<img src='3661270d1a55847706007a0691c20858.png'/>|It's snowing (lit. It snows).|[sound:f3cf3e37a041407842a2dcab85684c03.mp3]
Bis dann!|<img src='b5b879893d1b86c0bc1f321f3afa200b.png'/>|See you then!|[sound:116dd660cb34a2aade8738b16a67cad1.mp3]
traurig|<img src='fbaa5d615150d8ef5c0e932102068980.png'/>|sad|[sound:c6c83394086f0e570df851189694de43.mp3]
lieben|<img src='7cd1130d9446b13c8e38e063a66671b3.png'/>|to love|[sound:b371a2c2cef9bb360d75bf45aa53e5d8.mp3]
die Beziehung|<img src='29d681b7e18c3b2deb74285affcc7383.png'/>|the relationship|[sound:1618f699180afa414a2a700b76b7f81e.mp3]
zusammen|<img src='5b81b961d73e1a99f6bd59f30da6e470.png'/>|together|[sound:5e9a353aad6b33e3e2e24a300a2dce4c.mp3]
verlobt|<img src='2a4b9a7c7c0dc029d8c591f592cbc7bd.png'/>|engaged|[sound:b7ba49e5484e3c2e96f1c524250959ee.mp3]
Ich freue mich für euch.|<img src='71184f0792cf3520838af6f6da7150f8.png'/>|I'm happy for you (pl., informal).|[sound:c0483d4a1879279d68e3d063c93f0bcf.mp3]
glücklich|<img src='abc629d62e236230bc7cdba26e2d86aa.png'/>|happy|[sound:b8996418d10cf337d37e1ee7902f6fc5.mp3]
heiraten|<img src='74590543a9512312082388c583902ffd.png'/>|to marry|[sound:b660de205fe6db19d5d30817ebce834e.mp3]
sein|<img src='2e7c8f3340b56467ac35a3e71ac78ec6.png'/>|his|[sound:7be824f13378138075f9fec2c1a1db55.mp3]
unser|<img src='468089781940ec7c4cb7def3e2234561.png'/>|our|[sound:122e39f6e7181706bbc53a6748aa5d0e.mp3]
Stimmt so.|<img src='da7523f0950e2d49bf036f44faa34666.png'/>|Keep the change. (lit. Right so.)|[sound:383fb5a7ddf1a78c6663033f0f2d1fe5.mp3]
der Kaffee|<img src='6022193f3908e9b8324d822f08eaedac.png'/>|the coffee|[sound:dc7127931ca13e7741feeb3e0c21f7f5.mp3]
das Frühstück|<img src='040cdf77be060613200ee2d92e80ec9f.png'/>|the breakfast|[sound:0d9782cb68c0574afb12fcff2c42af20.mp3]
Um halb sieben.|<img src='375f8586c13a6a2f60fe25e647ca3098.png'/>|At half past six.|[sound:c7ed5ed01097831289a82b8bdcedcfe6.mp3]
Wie spät ist es?|<img src='3d2f83e31cfe797a6d3ac13b2a793e10.png'/>|What time (lit. How late) is it?|[sound:153dcab1207098e112ca47248625c8e7.mp3]
Um wie viel Uhr?|<img src='8449cc3a778e23bdc92dd15256395628.png'/>|At what time?|[sound:df10a776756499e44227925c898a5998.mp3]
Es ist vier Uhr.|<img src='3a3f28ed15df5c8738b4db67b511210e.png'/>|It is four o'clock.|[sound:04a1e7398c0468846ce13ac7a812e69b.mp3]
Hast du heute Abend Zeit?|<img src='9f3a2c3ac66cc06ecd66f223988784c3.png'/>|Do you have time this evening?|[sound:1c997491602a39b17a8d99baa319d530.mp3]
Ich mag dich.|<img src='b45f733d93f60fbbf36ce35dba70becb.png'/>|I like you.|[sound:4062bedbb9e3337dacac49a350ef7e08.mp3]
Wir kennen uns.|<img src='2cb8713785e8640e986b8fb8539018c9.png'/>|We know each other (lit. us).|[sound:cdb6711dd7de73ec281926c78b316d18.mp3]
Ich bin in dich verliebt!|<img src='67dd157693edb39ce9d0556d168e99b7.png'/>|I am in love with (lit. in) you!|[sound:2b3e4c35471634d73f2ba1a4a9f70357.mp3]
Du bist schön.|<img src='b37be7227066d8cca5efd582afdceb1d.png'/>|You are beautiful.|[sound:b683cf1a6930a65794b66ab272c459f2.mp3]
Onkel und Tante|<img src='46ead5eee77c3c43742b1c3b6afb5fc7.png'/>|uncle and aunt|[sound:1ab3fd4923e76d20b1ccd73cd537fde8.mp3]
Ich will Ski fahren.|<img src='e6de34fda830a93876d08f2f05a09b69.png'/>|I want to go skiing.|[sound:0eb03977fb5d0a14372456112b6237cc.mp3]
Eltern und Großeltern|<img src='1e9e67071cdeb8e760b221b54bc2a075.png'/>|parents and grandparents|[sound:35c0cbb93627736ed23caaddb29acc7c.mp3]
am Wochenende|<img src='e7a0049bb3c18b4a1823601ef918ba42.png'/>|on the weekend|[sound:c4456e6d0ece2753989ee7691373afc4.mp3]
Vater und Mutter|<img src='a74034e4d8e26f954db5a161e88eed77.png'/>|father and mother|[sound:3bac9d9595c86aeb11959588e6299023.mp3]
Freund und Freundin|<img src='2a52c65dec1b9f1f496a099754693649.png'/>|boyfriend and girlfriend|[sound:7a6821743580e832cd5f61f21c21b93b.mp3]
Wie ist das Wetter?|<img src='ef8c5dc96735d0bbb468e8a289598f6c.png'/>|How is the weather?|[sound:2b29f42ed3da7413495f26e25c02663d.mp3]
die Handynummer|<img src='870040135e8ec237c651062fa22cb1c6.png'/>|the mobile number|[sound:048913fab0f75b6bdf72effb82a3c1f7.mp3]
Cousin und Cousine|<img src='541089613c726075d6c32e62a4aa349f.png'/>|male cousin and (female) cousin|[sound:2941189e5cc2b98850c7592cf9401efd.mp3]
Wie ist dein Urlaub?|<img src='f59b2f9e54a23826d972cf24d0de1be3.png'/>|How is your vacation?|[sound:f31fb95fc42824b97e5f1ac08c59de00.mp3]
Sohn und Tochter|<img src='ef9896a1b536be9b54fa984b7b30ce4d.png'/>|son and daughter|[sound:deb16fa86c5d4e8f5c22e11b483a43c2.mp3]
Ich bin Spanierin.|<img src='ca5161a774d922ed966053e74150aa61.png'/>|I am Spanish (fem.).|[sound:1737a2ef75770374cd791acac565a373.mp3]
Wo steigen wir um?|<img src='07e15b01178b8edcdd848eaca788b7c2.png'/>|Where do we change (trains)?|[sound:c686d07a783370b43669a99b5e47ac9e.mp3]
mein|<img src='3f023fc3f5db4dbe6753593b981a8c4a.png'/>|my|[sound:be6f8d570a7337cdee79a071bb895569.mp3]
Bruder und Schwester|<img src='94ebdbee27e722654c5c6415032b4149.png'/>|brother and sister|[sound:0fbd6f3a2284e37fd95881f04f4700ca.mp3]
Ehemann und Ehefrau|<img src='85c257f53592845300711c8edcb7750d.png'/>|husband and wife|[sound:4ed4f45d5b55ab8dc60e8d914c1de152.mp3]
das Bier|<img src='922414996706220c07ad920cb47d6523.png'/>|the beer|[sound:9eafd489bd3c651a6aeb8c21f66cd5f1.mp3]
Italienisch|<img src='ec5ea7c22f30b1b83f03282860ef6545.png'/>|Italian|[sound:23370940ec9dfff1ee2ab78cc0398a3f.mp3]
Kannst du eislaufen?|<img src='7da213966fdb03b6d9ba012f05cf4238.png'/>|Can you ice skate?|[sound:6c3bea406ee368e1d29e3b6437ef8044.mp3]
Kommst du mit?|<img src='170a23753ebc4b2c27ae9661bb726472.png'/>|Are you coming with?|[sound:31c44431473995b92be690798461d3d7.mp3]
damit|<img src='5ab9d330ac4b8e36869b8eaa6fb5a3ce.png'/>|in order to, so that|[sound:0731e85987e98e6f770c1f267263b00c.mp3]
weil|<img src='543d09406d52690af145e40628a54c0b.png'/>|because|[sound:71a29f233bbe55faf52ad25999a13b95.mp3]
obwohl|<img src='97f0008f180e9ad7acbca3d752ae5fb7.png'/>|although|[sound:13d52467821256ef4ea8c5092d7a8105.mp3]
Sie|<img src='a679f51a1112bb13b954b4fef439ce4e.png'/>|you (formal)|[sound:478e6fbf128a2c84216d9cec8a8d4489.mp3]
Ich möchte ein Zimmer reservieren.|<img src='d1f17728846e4c4bc358f8fdf2470be5.png'/>|I would like to reserve a room.|[sound:baeb6c66da23f4d72c28db115f00f88b.mp3]
Und wer bist du?|<img src='2c9434d3cec7fae213ea0e84f7e66450.png'/>|And who are you?|[sound:e6424fbdc97631902916b1b9b821eb49.mp3]
das Getränk|<img src='dc5cdd16ca3a984c7e4be0471b21d27b.png'/>|the drink|[sound:428ee10f153ae29593d2fdcc2ce8e9c1.mp3]
trinken|<img src='ec22335fc09390cdb1022c41b281f0ca.png'/>|to drink|[sound:359ed17321523576b9a8f4d6c5927879.mp3]
Er ist in Berlin.|<img src='024b74ba8adf4edcb7a21c17731cc1ba.png'/>|He is in Berlin.|[sound:abc45344e5654d6fa269f75201093836.mp3]
die Limonade|<img src='7a3fc287ed7373faf282c946e2b32365.png'/>|the lemonade|[sound:67e7ad22b2ae41dee96fb29f41edde03.mp3]
Woher kommen Sie?|<img src='130053629f39c40e731ac18eb23b02f2.png'/>|Where do you (formal) come from?|[sound:a6fea73f16f14e4580d4d42d00ea2941.mp3]
wir|<img src='c6822768cc13bbc411e8e743314dff13.png'/>|we|[sound:e31082fc53834d28a0154e4098796e5b.mp3]
das Doppelzimmer|<img src='1d69c0d4db14deadb64cae6d80a03658.png'/>|the double room|[sound:8b5b1964a542b95053a1326db8ae935d.mp3]
mit Halbpension|<img src='89464a42454827ab4e269f4e7e392562.png'/>|with half board|[sound:283714ad01a4d5f0eefad8dad46d3da4.mp3]
der Parkplatz|<img src='be26f9d46346601353103cadc41a69f9.png'/>|the parking lot|[sound:3ac032e90dd38cff7d98c65a544cfe12.mp3]
eins|<img src='0cb4f7ca27ec1c1fbfac2b3180c8d97f.png'/>|one|[sound:1b43efb43689d94dba1f33fba27a98d7.mp3]
sechzehn|<img src='725b2b3d1c584b941985d139b83117f8.png'/>|sixteen|[sound:b4c643e2e443f49a8694bd196249675c.mp3]
Wir möchten bezahlen.|<img src='ddebc9ebfb29baa03f2c0ae094f5fb8d.png'/>|We'd like to pay.|[sound:c428247265582d0751c1d358dbb8ac3a.mp3]
sechs|<img src='545d57dcb71424a7cb349c5a57bc1a09.png'/>|six|[sound:c5743a2cf14c4e22ff7da58c2b4381da.mp3]
zwei|<img src='18ba99edb7a433cca34d980e9197f6e1.png'/>|two|[sound:175934d74a930c8ccaa81a688e90a446.mp3]
das Einzelzimmer|<img src='c50fa15ab14de5fea0e3575dc6bd6bf4.png'/>|the single room|[sound:3b95f84574f39add0af5f04e0fc22ce4.mp3]
mit Vollpension|<img src='e250820cc6f28e8fd553194ae24b39e0.png'/>|with full board|[sound:b49a6f86a1e3395ea4ba4f2bbdeef99c.mp3]
Was kostet ein Tee?|<img src='5600948a769fff5fd5bfa60b2d951cf5.png'/>|How much is (lit. What costs) a tea?|[sound:940454c7d631291febed36ebe1766058.mp3]
die Schuhe|<img src='69be03774b83d2d977b962a59746a196.png'/>|the shoes|[sound:a778ff26fc7695478d4a992003cc6d2a.mp3]
die Hose|<img src='b115348bc18d6c58fa0b33ecf40f394d.png'/>|the pants|[sound:f6227d8b72e5f9448c5587edf4d4437f.mp3]
rot|<img src='ceb19bfc4f63bdb1cea8bfcfad6c7aeb.png'/>|red|[sound:4c73e22a4728043974dbd563d0afc89f.mp3]
das Kleid|<img src='79b00ea3b99686fa4d72c83498afaec5.png'/>|the dress|[sound:4b2145ca5e11b68a0c4a7207064284a8.mp3]
schwarz|<img src='90c1053630a32e29c9eb699455ab18cc.png'/>|black|[sound:0f04dca3e02ec1f03e1dbf7f26c01dae.mp3]
blau|<img src='18db8b79f8b6460a544c8d187c0e4f64.png'/>|blue|[sound:34843d385e95c1940b0a86b4edd49713.mp3]
weiß|<img src='5be1aa29c594b9fce2dbcee3947f8b49.png'/>|white|[sound:d773002c6ddc561da5d2a8bdf2080c07.mp3]
der Rock|<img src='c81b41e60d31c1bacc101500ad1cb828.png'/>|the skirt|[sound:910ff6bb10325d14327456c7d3892424.mp3]
die Straße|<img src='7b2bc7014a9c9338bfee23f82c97e5d1.png'/>|the street|[sound:5f4b6f9c2246810a75dab2241d5ec1c3.mp3]
achtzehn|<img src='466edb4743a9511cf369830958da5a92.png'/>|eighteen|[sound:b5a7b26902112b522a90586829fb66ef.mp3]
Sie wünschen?|<img src='ef0ce5e10ae924f36978933b522c55f9.png'/>|What would you like? (lit. You wish?)|[sound:a47ceabe84fc9444989e1c7aa4149c4c.mp3]
drei|<img src='943ed2300e8a57719979a62aed089af1.png'/>|three|[sound:3b1652f890af0c5634277509f1b359dd.mp3]
Ich fahre nur Auto.|<img src='ce8353d450ab5025861980aa6716c32d.png'/>|I only ever drive (lit. car).|[sound:7f772d2bb7110a9aae593f2913f4d0b4.mp3]
fünfzehn|<img src='2c61bd7817e5d04b3b16524750603912.png'/>|fifteen|[sound:7f509a2e1655a89581ed08a3f4bea8d5.mp3]
Dienstag|<img src='fc4e987a6897f2c315f1152abf7b79ad.png'/>|Tuesday|[sound:bff123d0e6466bb5a0d8e6060de04808.mp3]
dreizehn|<img src='ecb367207f9d81797aaa181b60a66cba.png'/>|thirteen|[sound:dbdee7477e73cea58bc45b9bbf1e42d9.mp3]
das Land|<img src='a54382c2286ba2f2d68f880733b289ed.png'/>|the country|[sound:fb9736fa0aa01c9abe7b9e2ff1bd91f8.mp3]
das Zimmer|<img src='7b4e3f75d703b1c7abd9f0221e4a0429.png'/>|the room|[sound:c32d8684a94244f3b5950e0686e46132.mp3]
gelb|<img src='696f2e288a5d2d86ec23e3ed8a820c59.png'/>|yellow|[sound:70d43705a56c4463bb3a1c2f0dadb9ac.mp3]
der Mantel|<img src='280d73c14664a8ac5f4edb85d316bacf.png'/>|the coat|[sound:30e2106516322dbff61ca03ebae7df84.mp3]
grün|<img src='249b4b416a0449f3a9c8386a627b89e5.png'/>|green|[sound:58a06853cbb152e9743d1ae5c244924b.mp3]
grau|<img src='cc3ae215833d14319822fafcf8a9ba32.png'/>|gray|[sound:8d5fd4c813eae061e66b82458c71f04e.mp3]
der Pullover|<img src='3948bba2cb5b96742c02aa2f8e894b28.png'/>|the sweater|[sound:ee294e941fdb1fa459380c5a1db07161.mp3]
braun|<img src='6b126951cabbefdebec10043c55e1cf5.png'/>|brown|[sound:c8f710864f1a068f7b94b98c8776f568.mp3]
das T-Shirt|<img src='95d4896f5a1201de81e212c684dbd877.png'/>|the T-shirt|[sound:95661e84cbc6410aaa68a9f6aa9ab3f2.mp3]
Wie lange fahren wir?|<img src='24c0b09d2ebd0d3d29a0a4b794b0990e.png'/>|How long will we be traveling (lit. drive)?|[sound:2ed360864d14c4b903554c601a40e5b6.mp3]
der Saft|<img src='1a9c79053ba09c269850e36a20ae646a.png'/>|the juice|[sound:4ec50a1fc81aa2b79b47d431555afe91.mp3]
die Adresse|<img src='70671d1fa30751dac1f60347374334be.png'/>|the address|[sound:4e338420134bad8aa5b997b7baa31827.mp3]
der Wein|<img src='532bfe288a334a2e45315ca42ebacfec.png'/>|the wine|[sound:67a384b64658d3ba6754096bd47d043c.mp3]
das Mineralwasser|<img src='14c4a48da05261d6627e12373921a32d.png'/>|the mineral water|[sound:f2178781c28d1ed8a2c035f6287cb472.mp3]
Sind Sie Herr Schmidt?|<img src='287bc966abe4a1070d8c0336350c9a20.png'/>|Are you Mr. Schmidt?|[sound:47a0b562600e84e7319f664458372901.mp3]
Wo leben Sie?|<img src='0933eb84fb6ff9594b4c21a9de8b0402.png'/>|Where do you (formal) live?|[sound:c89005b68d593cf0aa643a7327bb1d65.mp3]
die EC-Karte|<img src='69c84cfe0b1cbaf928a5490fd5bf8f40.png'/>|the ATM card, the debit card|[sound:a9a3f69ad1c2c14e16979e751e5a36f1.mp3]
zu klein|<img src='18832b99537841b1f71600e98ac0ae5b.png'/>|too small|[sound:fdadb734ea507babc21d8d676f1eea00.mp3]
Welche Schuhe suchst du? Ich suche die weißen. (die Schuhe)|<img src='a03f7bc89345600526649f02ab29817a.png'/>|Which shoes are you looking for? I'm looking for the white (ones).|[sound:95a352d64b98bb6cd7a28ec32f0ed158.mp3]
zu groß|<img src='7ff6013f362c15c4a7ffe3443484cbf4.png'/>|too big|[sound:20020defd8337a0482af1f04c1690a01.mp3]
Welchen Hut nimmst du? Ich nehme den teuren. (der Hut)|<img src='ed0651564a4ada945d7d91d4f3647cd5.png'/>|Which hat are you taking? I'm taking the expensive (one).|[sound:eac9c4fc6d7c0868c50f9900cd8c58a7.mp3]
Zahlen Sie bar?|<img src='d1055d474195372b3d647f55fbafe143.png'/>|Are you (formal) paying cash?|[sound:7438606a9af9b972dd76fa10ee0af5a1.mp3]
Welches Hemd willst du? Ich will das schwarze. (das Hemd)|<img src='42e9d9d6cd65ce4532497b9feaeca012.png'/>|Which shirt do you want? I want the black (one).|[sound:01f0855d07f4930b0b417c172df9b8e8.mp3]
Welche Bluse kauft sie? Sie kauft die rote. (die Bluse)|<img src='a1654ce94c90d58273d297c8892a59bb.png'/>|Which blouse is she buying? She's buying the red (one).|[sound:21556414f42b09eb20d7852822a598bf.mp3]
Welchen Mantel hat er an? Er hat den dunklen Mantel an. (der Mantel)|<img src='3b02c9292f67d78410d5681865c1c81a.png'/>|Which coat does he have on? He has the dark coat on.|[sound:21287f342fbdb08c3f35bbb4f9dadd45.mp3]
es|<img src='63b3be49b316a976c301d53623c1a289.png'/>|it|[sound:25832afe209c41109874ea228ceaf8a6.mp3]
Spanisch|<img src='590dce92f72363a59a5123221d64aa9a.png'/>|Spanish|[sound:74acb3b51a7c1afaa8e2e817c8523971.mp3]
Englisch|<img src='cd6bfb92cce278cd76d78802c01f921f.png'/>|English|[sound:413e6a145edf60b472f37d15e9cc2be5.mp3]
Französisch|<img src='0f403949428e3782afa02ab46f270be7.png'/>|French|[sound:5c4d9bc5ffd52a008a0c5ef1480044e5.mp3]
Das ist richtig.|<img src='8e3254ca2880f854e567fa71f3eb5db9.png'/>|That's correct.|[sound:fc93f335c6aa4560233364644febda18.mp3]
Ich bin aus Bremen.|<img src='55fcf2573fb31a294dd6cbe2b65c3a63.png'/>|I'm from Bremen.|[sound:c95574d1672106cd46751188dc52947b.mp3]
Ich lebe in Berlin.|<img src='4b65ddb0f707ae97a70d0f6215dc8edd.png'/>|I live in Berlin.|[sound:48a4faddd84e4a29b01fa48e8ff8ceda.mp3]
Ich spreche Deutsch.|<img src='fe8580a9a1cfdfba670e905cfcf0e5d8.png'/>|I speak German.|[sound:4e5d751632008494b750484e0a2c669e.mp3]
Ich komme aus England.|<img src='59151751c2124f15811390d1963c3341.png'/>|I come from England.|[sound:ea0ad8dae67a4c988f08a69e937f8608.mp3]
das Brot|<img src='c3c3db66d32aad3888d6bb0b29ed26f3.png'/>|the bread|[sound:581df3ff40f8f0cee6fca44e68648e14.mp3]
das Obst|<img src='4887bff0a181d98124ae362e15acbdb1.png'/>|the fruit|[sound:efbbfad0fcc6488cb9925791cab11bef.mp3]
der Käse|<img src='ced8dbc63e92cd01f2ecf10aa5ae9e7c.png'/>|the cheese|[sound:7423004b71f8bbb44940db74d629e88e.mp3]
die Wurst|<img src='2e3a94f6036533fbd187628ef5f54d87.png'/>|the sausage|[sound:94f83ad418c4e4c5349f3711ae78f38b.mp3]
das Gemüse|<img src='314beb8003f7be7c729878da4ebcdcb3.png'/>|the vegetables|[sound:98059e67dccc5cfd8315764f43956d7a.mp3]
Wo sind sie?|<img src='dcb90666699153224b4323ff3674b172.png'/>|Where are they?|[sound:866dba482e20420589c227096850383f.mp3]
die Fleischtheke|<img src='8745544d8168265e5327413a92168d9c.png'/>|the meat counter|[sound:1d24ad47b677cd6d6fd8fb1793f4da7e.mp3]
Sie ist in Berlin.|<img src='2d844a0c3db248dc9862c458713ffd94.png'/>|She is in Berlin.|[sound:fdbe4791a36440688146afd605e860aa.mp3]
Ich bin Deutscher.|<img src='1b3bf5c24af09d77e359b60d453bd536.png'/>|I am German (masc.).|[sound:54d1ed6c0d83db4bdec3e342d358f0c0.mp3]
Sonntag|<img src='ce6b7c4ff92b262e4ded34fae852b8f1.png'/>|Sunday|[sound:b51d4b2dc9fc65252922cc3a36b03cd3.mp3]
Freitag|<img src='7f9941dc1daf52710f2719197acff39f.png'/>|Friday|[sound:d91591f8aa34c4a8fa34485f4164cf0c.mp3]
der Reis|<img src='9345ca4200442c8604a92c122d7078c4.png'/>|the rice|[sound:c0490094a993a759a7eb47d5fa2ad412.mp3]
neunzehn|<img src='e12296dc899d55e3b944e364cb75c1f0.png'/>|nineteen|[sound:2d28fcaa0c7139c7ad4088d8545f1098.mp3]
der Fisch|<img src='135e3c964d703ad51649848e4fbb1e7b.png'/>|the fish|[sound:26c1557cde1cec51c21f9a29c2846199.mp3]
die Nudeln|<img src='c02ebb1ff178d1c3f4cb62ad10c741b2.png'/>|the pasta, the noodles|[sound:94acd6020a9c56e00e06bbfea2a5764b.mp3]
die Banane|<img src='b2a14a0f1282ba9bbb5dff445f03b4e8.png'/>|the banana|[sound:7660d1bf95f7304b63308d9796082aea.mp3]
sehr klein|<img src='fc62578998c839e6ea32e5731f916cf3.png'/>|very small|[sound:ceaa576f3ba3ed89e925865df9541726.mp3]
das Hähnchen|<img src='15a811f8260989bdc87bd62908246d77.png'/>|the chicken|[sound:6a438a5f6f65cff4bbda4af7cb24dfe3.mp3]
Kein Problem.|<img src='761262f8d64fb91479e32cdb4f18c76f.png'/>|No problem.|[sound:89db604efa86de43fcaca1c4946bb5b0.mp3]
müde|<img src='4559c286a152a33e0554e4b98995ca29.png'/>|tired|[sound:c20ec2ff79361945cca72c3246bfa0f9.mp3]
entspannt|<img src='ea81668a69da2a9b92ec5e58c8f2e0b3.png'/>|relaxed|[sound:1a9297e02e8007f53ac9c05a6601103b.mp3]
gestresst|<img src='1b4054545f4bf323696d7d9319ebfbdd.png'/>|stressed|[sound:c33768b54937579c69709e56b2ceb053.mp3]
Schön, dich zu sehen!|<img src='8e26f944f591410b87e83f018ea5300e.png'/>|Nice to see you!|[sound:25c579d4006ab964ad2579ef21e10496.mp3]
Gerne!|<img src='b6748cc48b6cd91f13ac235809186736.png'/>|Sure! (lit. Gladly!)|[sound:8ac3695f0d86633920aabb6407c875dd.mp3]
achtzig|<img src='46cce4d945b58a651db97a4f47288ff6.png'/>|eighty|[sound:90b0de8281b43ec0075bae3c554ffdde.mp3]
dreißig|<img src='27e81d4d8cedca13a29abbcd22f4d613.png'/>|thirty|[sound:740da721a134f8ef41efb70d37081308.mp3]
der Apfel|<img src='69a516fa4590e9b1cf33554af81a3056.png'/>|the apple|[sound:8c49d051681308da71bbfed21d87e913.mp3]
die Birne|<img src='11e82c4b2394aa3f8f94465127e3fce1.png'/>|the pear|[sound:35d37cba0e38f271c9b79127e9b2ad11.mp3]
die Vorspeise|<img src='3c4093ea00521d9cde6145e5d7021f6c.png'/>|the starter|[sound:ce247121e1ec9e4c2f5887ebca9b17b0.mp3]
Vielleicht Obstsalat?|<img src='1494a029afd17f9880035fb8cade43d0.png'/>|Maybe fruit salad?|[sound:5331bf49806991c7ae077d396b1cdd0d.mp3]
die Käsespätzle mit Salat|<img src='ac35d5a1f82151d44f10e4961bf7cf73.png'/>|the cheese spätzle with salad|[sound:1a46739f8d7205229566f9a7706841b3.mp3]
Ich habe Lust auf Pfannkuchen.|<img src='27edc379adb9835aab1f766489ffa89a.png'/>|I feel like pancakes.|[sound:6f0d2ae2230cee2cd668cb31b12ea603.mp3]
der Apfelstrudel mit Vanillesoße|<img src='021f84a205ee7cc5f62d70262b312b58.png'/>|the apple strudel with vanilla sauce|[sound:d55071f454d8429034aafe10575db069.mp3]
gehen|<img src='a9d559d37fc541514b9f48d706900821.png'/>|to go|[sound:8ab494b3bf845dff49823f2e9ebe66ea.mp3]
siebzig|<img src='deb1a2853907bff9b9a6b6251cbc4b2e.png'/>|seventy|[sound:c79397c306fe44518b60fc148ffa992b.mp3]
die Nachspeise|<img src='09aa0fbbf1326e1bf84145ff56215a35.png'/>|the dessert|[sound:dc333df7cd214ced87e221431733dff1.mp3]
die Hauptspeise|<img src='a182e3470d246c9e860aa81d5505154e.png'/>|the main course|[sound:11c325745e55cb9646cf30451845289e.mp3]
Wir fangen jetzt an.|<img src='e86d4aaa3a7bcef9672d898f5dfe967a.png'/>|We start now.|[sound:d424bc96e08b9530b1230285c6b3e7fd.mp3]
Ich rufe dich an.|<img src='b58bc2a7a290abfca1701158e07a6d66.png'/>|I call you.|[sound:a20c9b73b992805a455cc8078764101f.mp3]
Er möchte mitkommen.|<img src='daa5e092aa129ad4e439f69ea27bba39.png'/>|He wants to come along (lit. come with).|[sound:49dc30ca10ef929d33a28cedb02fa634.mp3]
Du siehst gut aus.|<img src='7916315d8c1141220636e572b9fc639f.png'/>|You look good.|[sound:fb0e35dadefb5855af6f91b880d74b01.mp3]
Was machen wir zum Frühstück?|<img src='cbd3c2b27333730bba65d85c2da07479.png'/>|What are we having (lit. making) for breakfast?|[sound:81cba8ae384f8e5f95dad607372ecafd.mp3]
Es ist sehr lecker.|<img src='e8aa74fe90e995df7f8569939e5fd24f.png'/>|It is very tasty.|[sound:ec2ea3d2a1974c9496e311473e06f781.mp3]
der Schweinebraten mit Klößen|<img src='83e692dbd83d506d6fb9983934113174.png'/>|the roast pork with dumplings|[sound:cc8a23a292547e6eed1ae649b709f296.mp3]
Es gibt Flüsse und Seen.|<img src='6dc96702cf4f97416a861a1cf6062852.png'/>|There are rivers and lakes.|[sound:3ce6f4d820672fb8a1c301ea16561e4d.mp3]
Es gibt kein Meer.|<img src='6ae55b7b756e36f7baf22ed35ab6345f.png'/>|There is no sea.|[sound:7c4178266b3d3462778fa2d0db3c403c.mp3]
Theater und Museen|<img src='4837b7e8cb67150675f3d5f73ff8699f.png'/>|theaters and museums|[sound:a88785ad71391fbc362b24e645254f38.mp3]
vierhundert Milliliter Sahne|<img src='e843b55bfefbf97d96eb069143d77f85.png'/>|four hundred milliliters of cream|[sound:2c4b7f643a164e8d90383a1c0a90ba7e.mp3]
siebenhundertfünfzig Gramm Butter|<img src='8805769cb8abd73d962dcbf50f5e595a.png'/>|seven hundred and fifty grams of butter|[sound:b205db9dacedaf1b1f1ef645dda61c34.mp3]
zweihundert Gramm Mehl|<img src='d88633a3b4f98871b90f0fee9d68532e.png'/>|two hundred grams of flour|[sound:53cf238a07ddee7fdc54e73bde2f4f51.mp3]
ein bisschen Sahne|<img src='40d3c4c5e87c555bd5b0d15919d349c6.png'/>|a little bit of cream|[sound:6e457da97321dd57e16d6c48bf8e0fc4.mp3]
backen|<img src='3f5a334c2c0dcd4e6c8b23a8cc9fbdfe.png'/>|to bake|[sound:d548f98ac2a543b5caad6eabf017a28b.mp3]
vier Eier|<img src='29266d30f02ec87e983c01e3a2fa9e3f.png'/>|four eggs|[sound:72d1ecf5540e5727ca5e8ea7d0594b3a.mp3]
ein paar Äpfel|<img src='aac4e9a2b93fc90f9acb35a35c24b0b5.png'/>|a few apples|[sound:4e1b5233ab69d9716accf7517d73172f.mp3]
der Kuchen|<img src='066d9bae56d8b6d8720dd248e9bd08d4.png'/>|the cake|[sound:523fe93badfd742c8e778fe930a9e477.mp3]
Schmeckt es dir?|<img src='6b189225a93643b8de4fad07b5aeee1b.png'/>|Do you like it? (lit. Does it taste to you?)|[sound:086ecc1340848ded14a04ad9e7f72bfe.mp3]
Es schmeckt nicht so gut.|<img src='c0233abdc3e4d428fefd3c86ab9018d1.png'/>|It doesn't taste so good.|[sound:769e4d9a6f5d7beca9f6c285f658741e.mp3]
Die Rechnung, bitte!|<img src='b1b3f622c9a18dab56c640507d2bab48.png'/>|The bill, please!|[sound:57743ce62193c0811c1c53d2bade8b61.mp3]
ein Päckchen Backpulver|<img src='d1a0c888c7bf728f5105263a5e5828e6.png'/>|a (small) packet of baking powder|[sound:c99b4a418eb6bd09419f70a03cbf13b5.mp3]
nah|<img src='4411dd3893b81c6ab29c76ec41ffdf9a.png'/>|close|[sound:4fd15c03e2b74373b282e3e6f8c7cc1e.mp3]
Guten Appetit!|<img src='e73fa23c0253ac80e2f46dfb5b515ca2.png'/>|Bon appétit!|[sound:a4d2fc9e5f94e203933f7900de6fbcf0.mp3]
süß und bitter|<img src='12e71eb1b3c05e59e5f8d8503bd236b9.png'/>|sweet and bitter|[sound:1c171c359bc53364f98a5a3a2ea2c518.mp3]
